CREATE DATABASE CustomerInformation;
USE CustomerInformation;
CREATE TABLE customer_Details (
  IDnumber char(10),
  Password char(20),
  First_name char(20),
  Surname char(20),
  DOB date,
  Email char(30),
  Phone_number int,
  Account_type char (15),
  Current_balance double DEFAULT 0,
  Card_number int,
  CCV int,
  Card_pin int,
  Account_number int,
  Security_question varchar (70),
  Answer varchar(50)
  );
    select * from customer_Details;


INSERT INTO customer_Details VALUES ('1989-2367','Red2Rose#','Ross','Geller','1989-12-06','rossgeller@gmail.com',705671235,'Regular', 2345,1298736358,156,1234,1009570,'What high school did you attend?','Sven Ericson');
INSERT INTO customer_Details VALUES ('1992-7863','SwedenHeeY&2','Pamela','Anderson','1992-07-23','pamelaanderson@hotmail.com',706785643,'Regular',2501,1298736359,564,5644,1009571,'In what city were you born?','Stockholm');
INSERT INTO customer_Details VALUES ('1994-8712','PassThis032*','Bruce','Wayne','1994-11-25','brucewayne@iof.com',718978976,'Regular',5568,1298736360,897,8975,1009572,'What was the first concert you attended?','Maroon 5');
INSERT INTO customer_Details VALUES ('1999-7703','Pen2342%','Diana','Prince','1999-05-19','dianaprince@gmail.com',707985632,'Student',3000,1298736361,563,5633,1009573,'In what city were you born?','Amesterdam');
INSERT INTO  customer_Details VALUES ('1998-5734','BlueerE7-Sea','Arthur','Curry','1998-09-13','arthurcurry@icloud.com',735784567,'Student',2568,1298736362,456,4562,1009574,'What is your pets name?','Pepperoni');
INSERT INTO customer_Details VALUES ('1972-9715','IloVE&yOU98','Barbra','Gordon','1972-12-08','barbragordon@gmail.com',719872398,'Regular',5051,1298736363,239,2395,1009575,'What is your mothers middle name?','Laila');
INSERT INTO  customer_Details VALUES ('1995-4706','Heart46&','Chandler','Bing','1995-05-12','chandlerbing@ui.com',704786582,'Regular',12000,1298736364,658,6585,1009576,'What high school did you attend?','International High school');
INSERT INTO customer_Details VALUES ('2005-9737','BroKen24#','Tony','Stark','2005-12-12','tonystark@gmail.com',739871290,'Savings ',50690,1298736365,129,1295,1009577,'What is your grandmothers first name?','Emily');
INSERT INTO customer_Details VALUES ('1996-3718','Pinki@76','Lex','Luthor','1996-12-04','lexluthor@hotmail.com',713287856,'Student',307,1298736366,785,7855,1009578,'What was your dream job as a child?','Coffee shop owner');
INSERT INTO  customer_Details VALUES ('1985-2709','BoSS786!','Sheldon','Cooper','1985-02-17','sheldoncooper@yui.com',702359860,'Regular',2451,1298736367,986,9865,1009579,'What was your childhood nickname?','Sheldi');
INSERT INTO customer_Details VALUES ('2004-2730','Angry=BIrd22','Howard','Wolowitz','2004-11-01','howardwolowitz@gmail.com',732146789,'Youth',476,1298736368,678,6784,1009580,'What is your pets name?','Fluffy');
INSERT INTO customer_Details  VALUES ('2006-8731','Valentin09?','Jim','Halpert','2006-01-19','jimhalpert@gmail.com',738975643,'Youth',789,1298736369,564,5645,1009581,'What is your mothers middle name?','Stacy');
INSERT INTO customer_Details VALUES ('1997-4702','FAiryTail&43','Dwight','Schrute','1997-12-08','dwightschrute@gmail.com',704328975,'Student',4685,1298736370,897,8972,1009582,'In what city were you born?','New York');
INSERT INTO  customer_Details VALUES ('1983-7793','SweeBOOty88!!','Tobias','Flenderson','1983-09-05','tobiasflenderson@gmail.com',797809854,'Regular',5494,1298736371,985,9855,1009583,'Who was your childhood hero?','Iron man');
INSERT INTO  customer_Details VALUES ('1975-0734','AuBama61%','Kevin','Malone','1975-03-29','kevinmalone@mail.com',730867502,'Savings ',13678,1298736372,750,7506,1009584,'What high school did you attend?','Kunskapsgymnasiet');
INSERT INTO customer_Details VALUES ('1999-3795','Lov77=StefOPPen','Angela ','Martin','1999-02-14','angelamartin@gmail.com',793848213,'Student',1388,1298736373,821,8216,1009585,'In what city were you born?','Ulricehamn');
INSERT INTO customer_Details VALUES ('2005-7706','IloVE&yOU98','Micheal','Scott','2005-04-28','michealscott@po.com',707849352,'Youth',4907,1298736374,935,9356,1009586,'What is your mothers middle name?','Mary');
INSERT INTO  customer_Details VALUES ('2007-6797','HotLava!45','Clark','Kent','2007-01-31','clarkkent@gmail.com',796746274,'Youth',456,1298736375,627,6276,1009587,'What was your childhood nickname?','Clarki');
INSERT INTO customer_Details VALUES ('1994-8768','LAbbIOUYi%12','Obiwan','Kenobi','1994-10-27','obiwankenobi@mail.com',768974321,'Student',6785,1298736376,432,4326,1009588,'What high school did you attend?','Hvitfeldska gymnasiet');
INSERT INTO  customer_Details VALUES ('1976-7739','ParadiseHotel99#','Meredith','Grey','1976-11-13','meredithgrey@oa.com',737895438,'Regular',6840,1298736377,543,5436,1009589,'Who was your childhood hero?','Super man');


USE CustomerInformation;
CREATE TABLE Loan (
IDnumber char(10),
salary double,
loan_type varchar(20),
loan_amount double,
duration int, 
status varchar(20)
);
select * from loan;

INSERT INTO Loan VALUES ('1975-0734','0','Student Loan','100000','36','pending...');
INSERT INTO Loan VALUES ('1989-2367','20000','Credit Card Loan','150000','12','pending...');
INSERT INTO Loan VALUES ('1994-8768','15000','Personal Loan','100000','36','pending...');
INSERT INTO Loan VALUES ('2005-9737','30000','Mortgage Loan','450000','84','pending...');
INSERT INTO Loan VALUES ('1985-2709','20000','Credit Card Loan','10000','24','pending...');
INSERT INTO Loan VALUES ('1997-4702','28000','Small Business Loan','300000','60','pending...');
INSERT INTO Loan VALUES ('1994-8768','20000','Student Loan','10000','24','pending...');

USE CustomerInformation;
CREATE TABLE Reviews (
rating int(10),
comment varchar (150)
);
 select * from Reviews;

INSERT INTO Reviews VALUES ('3', 'well,,, could be much better if the color scheme is pink uhm!');
INSERT INTO Reviews VALUES ('5', 'this is the best app ever !!');
INSERT INTO Reviews VALUES ('4', 'love that it has this section where we can write down our thought to express ourselves');

USE CustomerInformation;
 CREATE TABLE employeeDetails(
  EmployeeID char(10),
  Username char(30),
  Password char(30),
  Name char(20),
  Surname char(20)
 );
 select * from employeeDetails;
 
INSERT INTO employeeDetails VALUES ('Emp1','Gregory01','House2Roof#','Gregory','Wayne');
INSERT INTO employeeDetails VALUES ('Emp2','Nicklas01','Oranges2Eat#','Nicklas','Goldberg');
INSERT INTO employeeDetails VALUES ('Emp3','Amber03','PassWord123&','Amber','MacKay');
INSERT INTO employeeDetails VALUES ('Emp4','JaneDoe05','BreakingBad5#','Jane','Doe');
INSERT INTO employeeDetails VALUES ('Emp5','HelenSmith07','Christmass2time#','Helen','Smith');
INSERT INTO employeeDetails VALUES ('Emp6','Gregory05','House2Roof#','Gregory','Wayne');


USE CustomerInformation;
 CREATE TABLE Transcations (
    IDnumber CHAR(10),
    Date Date,
    Sender_account INT(8),
    Transfered_amount double,
    Receiver_account INT (8)
    );
    SELECT * FROM Transcations;
    
INSERT INTO Transcations VALUES ('1989-2367','2021-11-05',1009570,700,1009572);
INSERT INTO Transcations VALUES ('1989-2367','2021-11-07',1009570,400,1009582);
INSERT INTO Transcations VALUES ('1989-2367','2021-11-20',1009570,200,1009578);
INSERT INTO Transcations Values ('1989-2367','2021-12-08',1009570,2000,1009588);
INSERT INTO Transcations VALUES ('1992-7863','2021-11-11',1009571,300,1009586);
INSERT INTO Transcations VALUES ('1992-7863','2021-11-20',1009571,600,1009584);
INSERT INTO Transcations VALUES ('1992-7863','2021-12-08',1009571,1050,1009581);
INSERT INTO Transcations VALUES ('1992-7863','2021-12-10',1009571,1100,1009579);
INSERT INTO Transcations VALUES ('1992-7863','2021-12-16',1009571,3000,1009570);
INSERT INTO Transcations VALUES ('1992-7863','2021-12-16',1009571,250,1009585);
INSERT INTO Transcations VALUES ('1992-7863','2021-12-20',1009571,400,1009582);
INSERT INTO Transcations VALUES ('1994-8712','2021-11-08',1009572,5000,1009573);
INSERT INTO Transcations VALUES ('1994-8712','2021-11-20',1009572,550,1009576);
INSERT INTO Transcations VALUES ('1994-8712','2021-11-20',1009572,3874,1009574);
INSERT INTO Transcations VALUES ('1994-8712','2021-11-30',1009572,200,1009577);
INSERT INTO Transcations VALUES ('1994-8712','2021-12-02',1009572,150,1009588);
INSERT INTO Transcations VALUES ('1994-8712','2021-12-03',1009572,389,1009580);
INSERT INTO Transcations VALUES ('1999-7703','2021-11-01',1009573,600,1009578);
INSERT INTO Transcations VALUES ('1999-7703','2021-11-05',1009573,350,1009575);
INSERT INTO Transcations VALUES ('1999-7703','2021-12-16',1009573,350,1009583);
INSERT INTO Transcations VALUES ('1999-7703','2021-12-16',1009573,900,1009570);
INSERT INTO Transcations VALUES ('1999-7703','2021-12-18',1009573,1250,1009571);
INSERT INTO Transcations VALUES ('1999-7703','2021-12-20',1009573,1300,1009587);
INSERT INTO Transcations VALUES ('1998-5734','2021-11-05',1009574,2000,1009586);
INSERT INTO Transcations VALUES ('1998-5734','2021-11-05',1009574,750,1009589);
INSERT INTO Transcations VALUES ('1998-5734','2021-11-07',1009574,467,1009584);
INSERT INTO Transcations VALUES ('1998-5734','2021-11-10',1009574,555,1009572);
INSERT INTO Transcations VALUES ('1998-5734','2021-11-18',1009574,675,1009580);
INSERT INTO Transcations VALUES ('1998-5734','2021-11-20',1009574,345,1009588);
INSERT INTO Transcations VALUES ('1998-5734','2021-11-30',1009574,876,1009589);
INSERT INTO Transcations VALUES ('1998-5734','2021-12-16',1009574,1000,1009586);
INSERT INTO Transcations VALUES ('1972-9715','2021-11-03',1009575,298,1009577);
INSERT INTO Transcations VALUES ('1972-9715','2021-11-07',1009575,459,1009581);
INSERT INTO Transcations VALUES ('1972-9715','2021-11-11',1009575,666,1009574);
INSERT INTO Transcations VALUES ('1972-9715','2021-11-25',1009575,2000,1009572);
INSERT INTO Transcations VALUES ('1972-9715','2021-11-30',1009575,2500,1009577);
INSERT INTO Transcations VALUES ('1972-9715','2021-12-01',1009575,650,1009583);
INSERT INTO Transcations VALUES ('1972-9715','2021-12-05',1009575,1500,1009586);
INSERT INTO Transcations VALUES ('1972-9715','2021-11-20',1009575,2500,1009587);
INSERT INTO Transcations VALUES ('1972-9715','2021-11-27',1009575,339,1009582);
INSERT INTO Transcations VALUES ('1995-4706','2021-11-03',1009576,459,1009573);
INSERT INTO Transcations VALUES ('1995-4706','2021-11-03',1009576,1000,1009588);
INSERT INTO Transcations VALUES ('1995-4706','2021-12-02',1009576,450,1009589);
INSERT INTO Transcations VALUES ('1995-4706','2021-12-03',1009576,288,1009581);
INSERT INTO Transcations VALUES ('1995-4706','2021-12-03',1009576,1899,1009574);
INSERT INTO Transcations VALUES ('1995-4706','2021-12-07',1009576,346,1009571);
INSERT INTO Transcations VALUES ('1995-4706','2021-12-10',1009576,298,1009580);
INSERT INTO Transcations VALUES ('1995-4706','2021-12-15',1009576,672,1009578);
INSERT INTO Transcations VALUES ('1995-4706','2021-12-26',1009576,999,1009583);
INSERT INTO Transcations VALUES ('2005-9737','2021-11-03',1009577,100,1009572);
INSERT INTO Transcations VALUES ('2005-9737','2021-11-05',1009577,765,1009581);
INSERT INTO Transcations VALUES ('2005-9737','2021-11-20',1009577,455,1009578);
INSERT INTO Transcations VALUES ('2005-9737','2021-11-23',1009577,1000,1009571);
INSERT INTO Transcations VALUES ('2005-9737','2021-12-03',1009577,1765,1009572);
INSERT INTO Transcations VALUES ('2005-9737','2021-12-09',1009577,398,1009573);
INSERT INTO Transcations VALUES ('1996-3718','2021-11-02',1009578,500,1009579);
INSERT INTO Transcations VALUES ('1996-3718','2021-11-05',1009578,1000,1009581);
INSERT INTO Transcations VALUES ('1996-3718','2021-11-08',1009578,278,1009575);
INSERT INTO Transcations VALUES ('1996-3718','2021-11-10',1009578,3487,1009584);
INSERT INTO Transcations VALUES ('1996-3718','2021-11-14',1009578,1100,1009575);
INSERT INTO Transcations VALUES ('1996-3718','2021-11-17',1009578,1500,1009582);
INSERT INTO Transcations VALUES ('1996-3718','2021-11-17',1009578,200,1009589);
INSERT INTO Transcations VALUES ('1996-3718','2021-11-19',1009578,150,1009580);
INSERT INTO Transcations VALUES ('1996-3718','2021-11-20',1009578,988,1009586);
INSERT INTO  Transcations VALUES ('1996-3718','2021-11-20',1009578,576,1009575);
INSERT INTO Transcations VALUES ('1996-3718','2021-11-23',1009578,563,1009570);
INSERT INTO Transcations VALUES ('1996-3718','2021-11-25',1009578,982,1009572);
INSERT INTO Transcations VALUES ('1996-3718','2021-12-07',1009578,1000,1009577);
INSERT INTO Transcations VALUES ('1985-2709','2021-11-03',1009579,1500,1009576);
INSERT INTO Transcations VALUES ('1985-2709','2021-11-03',1009579,200,1009587);
INSERT INTO Transcations VALUES ('1985-2709','2021-11-06',1009579,458,1009581);
INSERT INTO Transcations VALUES ('1985-2709','2021-11-09',1009579,736,1009588);
INSERT INTO Transcations VALUES ('1985-2709','2021-11-10',1009579,374,1009572);
INSERT INTO Transcations VALUES ('1985-2709','2021-11-11',1009579,875,1009573);
INSERT INTO Transcations VALUES ('1985-2709','2021-12-02',1009579,399,1009587);
INSERT INTO Transcations VALUES ('1985-2709','2021-12-07',1009579,744,1009578);
INSERT INTO Transcations VALUES ('1985-2709','2021-12-18',1009579,2000,1009589);
INSERT INTO Transcations VALUES ('2004-2730','2021-11-03',1009580,1700,1009573);
INSERT INTO Transcations VALUES ('2004-2730','2021-11-03',1009580,654,1009583);
INSERT INTO Transcations VALUES ('2004-2730','2021-11-05',1009580,873,1009581);
INSERT INTO Transcations VALUES ('2004-2730','2021-11-05',1009580,293,1009579);
INSERT INTO Transcations VALUES ('2004-2730','2021-11-05',1009580,1074,1009587);
INSERT INTO Transcations VALUES ('2004-2730','2021-11-09',1009580,721,1009572);
INSERT INTO Transcations VALUES ('2004-2730','2021-11-10',1009580,1567,1009574);
INSERT INTO Transcations VALUES ('2004-2730','2021-11-27',1009580,1832,1009571);
INSERT INTO Transcations VALUES ('2004-2730','2021-11-30',1009578,1500,1009578);
INSERT INTO Transcations VALUES ('2004-2730','2021-12-03',1009580,1623,1009582);
INSERT INTO Transcations VALUES ('2004-2730','2021-12-09',1009580,633,1009578);
INSERT INTO Transcations VALUES ('2006-8731','2021-11-03',1009581,733,1009575);
INSERT INTO Transcations VALUES ('2006-8731','2021-11-03',1009581,922,1009583);
INSERT INTO Transcations VALUES ('2006-8731','2021-11-07',1009581,743,1009589);
INSERT INTO Transcations VALUES ('2006-8731','2021-11-09',1009581,6199,1009574);
INSERT INTO Transcations VALUES ('2006-8731','2021-11-17',1009581,723,1009580);
INSERT INTO Transcations VALUES ('2006-8731','2021-11-22',1009581,632,1009578);
INSERT INTO Transcations VALUES ('2006-8731','2021-11-27',1009581,500,1009578);
INSERT INTO Transcations VALUES ('2006-8731','2021-11-30',1009581,1022,1009570);
INSERT INTO Transcations VALUES ('2006-8731','2021-12-03',1009581,921,1009579);
INSERT INTO Transcations VALUES ('1997-4702','2021-11-03',1009582,1500,1009570);
INSERT INTO Transcations VALUES ('1997-4702','2021-11-05',1009582,764,1009586);
INSERT INTO Transcations VALUES ('1997-4702','2021-11-09',1009582,1743,1009587);
INSERT INTO Transcations VALUES ('1997-4702','2021-11-17',1009582,2399,1009581);
INSERT INTO Transcations VALUES ('1997-4702','2021-11-07',1009582,364,1009575);
INSERT INTO Transcations VALUES ('1997-4702','2021-11-09',1009582,1987,1009570);
INSERT INTO Transcations VALUES ('1997-4702','2021-12-03',1009582,2500,1009581);
INSERT INTO Transcations VALUES ('1983-7793','2021-12-03',1009583,438,1009578);
INSERT INTO Transcations VALUES ('1983-7793','2021-12-03',1009583,293,1009576);
INSERT INTO Transcations VALUES ('1983-7793','2021-11-07',1009583,485,1009570);
INSERT INTO Transcations VALUES ('1983-7793','2021-12-13',1009583,972,1009589);
INSERT INTO Transcations VALUES ('1983-7793','2021-12-17',1009583,262,1009588);
INSERT INTO Transcations VALUES ('1983-7793','2021-12-19',1009583,632,1009577);
INSERT INTO Transcations VALUES ('1983-7793','2021-12-19',1009583,924,1009580);
INSERT INTO Transcations VALUES ('1983-7793','2021-12-03',1009583,1944,1009573);
INSERT INTO Transcations VALUES ('1983-7793','2021-12-09',1009583,1700,1009587);
INSERT INTO Transcations VALUES ('1983-7793','2021-12-25',1009583,723,1009578);
INSERT INTO Transcations VALUES ('1975-0734','2021-11-03',1009584,822,1009589);
INSERT INTO Transcations VALUES ('1975-0734','2021-11-03',1009584,932,1009577);
INSERT INTO Transcations VALUES ('1975-0734','2021-11-08',1009584,1000,1009586);
INSERT INTO Transcations VALUES ('1975-0734','2021-11-09',1009584,539,1009588);
INSERT INTO Transcations VALUES ('1975-0734','2021-11-13',1009584,721,1009575);
INSERT INTO Transcations VALUES ('1975-0734','2021-11-19',1009584,899,1009571);
INSERT INTO Transcations VALUES ('1975-0734','2021-11-20',1009584,6799,1009581);
INSERT INTO Transcations VALUES ('1975-0734','2021-12-05',1009584,3942,1009575);
INSERT INTO Transcations VALUES ('1975-0734','2021-12-13',1009584,722,1009574);
INSERT INTO Transcations VALUES ('1999-3795','2021-11-03',1009585,1200,1009570);
INSERT INTO Transcations VALUES ('1999-3795','2021-11-03',1009585,299,1009574);
INSERT INTO Transcations VALUES ('1999-3795','2021-11-08',1009585,173,1009588);
INSERT INTO Transcations VALUES ('1999-3795','2021-11-12',1009585,83,1009570);
INSERT INTO Transcations VALUES ('1999-3795','2021-11-15',1009585,922,1009586);
INSERT INTO Transcations VALUES ('1999-3795','2021-11-20',1009585,822,1009578);
INSERT INTO Transcations VALUES ('1999-3795','2021-11-20',1009585,821,1009580);
INSERT INTO Transcations VALUES ('1999-3795','2021-11-22',1009585,199,1009580);
INSERT INTO Transcations VALUES ('1999-3795','2021-11-22',1009585,2000,1009586);
INSERT INTO Transcations VALUES ('1999-3795','2021-11-30',1009585,8281,1009581);
INSERT INTO Transcations VALUES ('1999-3795','2021-11-30',1009585,824,1009571);
INSERT INTO Transcations VALUES ('1999-3795','2021-12-03',1009585,1923,1009589);
INSERT INTO Transcations VALUES ('1999-3795','2021-12-06',1009585,732,1009581);
INSERT INTO Transcations VALUES ('1999-3795','2021-12-09',1009585,593,1009582);
INSERT INTO Transcations VALUES ('1999-3795','2021-12-10',1009585,2593,1009574);
INSERT INTO Transcations VALUES ('2005-7706','2021-11-01',1009586,7329,1009589);
INSERT INTO Transcations VALUES ('2005-7706','2021-11-07',1009586,15699,1009576);
INSERT INTO Transcations VALUES ('2005-7706','2021-11-20',1009586,266,1009581);
INSERT INTO Transcations VALUES ('2005-7706','2021-11-27',1009586,6717,1009585);
INSERT INTO Transcations VALUES ('2005-7706','2021-12-05',1009586,1399,1009587);
INSERT INTO Transcations VALUES ('2005-7706','2021-12-07',1009586,283,1009572);
INSERT INTO Transcations VALUES ('2005-7706','2021-12-13',1009586,1299,1009580);
INSERT INTO Transcations VALUES ('2005-7706','2021-12-21',1009586,1000,1009581);
INSERT INTO Transcations VALUES ('2005-7706','2021-12-31',1009586,723,1009584);
INSERT INTO Transcations VALUES ('2007-6797','2021-11-01',1009587,832,1009589);
INSERT INTO Transcations VALUES ('2007-6797','2021-11-08',1009587,1003,1009575);
INSERT INTO Transcations VALUES ('2007-6797','2021-11-12',1009587,1600,1009575);
INSERT INTO Transcations VALUES ('2007-6797','2021-11-16',1009587,2610,1009570);
INSERT INTO Transcations VALUES ('2007-6797','2021-11-23',1009587,622,1009583);
INSERT INTO Transcations VALUES ('2007-6797','2021-12-06',1009587,922,1009585);
INSERT INTO Transcations VALUES ('2007-6797','2021-12-27',1009587,792,1009574);
INSERT INTO Transcations VALUES ('1994-8768','2021-11-01',1009588,1922,1009581);
INSERT INTO Transcations VALUES ('1994-8768','2021-11-06',1009588,721,1009577);
INSERT INTO Transcations VALUES ('1994-8768','2021-11-08',1009588,1650,1009587);
INSERT INTO Transcations VALUES ('1994-8768','2021-11-12',1009588,372,1009574);
INSERT INTO Transcations VALUES ('1994-8768','2021-11-14',1009588,1832,1009573);
INSERT INTO Transcations VALUES ('1994-8768','2021-11-17',1009588,1932,1009573);
INSERT INTO Transcations VALUES ('1994-8768','2021-11-17',1009588,2003,1009589);
INSERT INTO Transcations VALUES ('1994-8768','2021-11-24',1009588,821,1009586);
INSERT INTO Transcations VALUES ('1994-8768','2021-11-26',1009588,120,1009571);
INSERT INTO Transcations VALUES ('1994-8768','2021-12-10',1009588,84,1009587);
INSERT INTO Transcations VALUES ('1994-8768','2021-12-11',1009588,23,1009584);
INSERT INTO Transcations VALUES ('1994-8768','2021-12-19',1009588,1000,1009579);
INSERT INTO Transcations VALUES ('1976-7739','2021-11-06',1009589,732,1009575);
INSERT INTO Transcations VALUES ('1976-7739','2021-11-09',1009589,1922,1009572);
INSERT INTO Transcations VALUES ('1976-7739','2021-11-18',1009589,172,1009587);
INSERT INTO Transcations VALUES ('1976-7739','2021-11-29',1009589,639,1009578);
INSERT INTO Transcations VALUES ('1976-7739','2021-12-10',1009589,1623,1009583);
INSERT INTO Transcations VALUES ('1976-7739','2021-12-27',1009589,727,1009571);



